Marca ,Producto,Nombre del Producto,Fotos,Contenido,Precio,Aplicacion,Textura,Uso,Tipo de piel,Libre de crueldad,Vegano,Efecto a largo plazo,Enlaces
Youth to the People,Serum,15% Vitamin C + Clean Caffeine Energy Serum,15VitaminCCleanCaffeineEnergySerum.jpg,30 ml," S/  267,70 ",Dia y Noche,Ligera,Diario,Todo tipo,Si,Si,1 semana,https://osmosisskincare.com.au/products/purify 
Dermalogica,Serum,Age Bright Clearing Serum,AgeBrightClearingSerum.jpg,30 ml," S/  286,00 ",Dia y Noche,Ligera,Diario,Grasa,Si,No,2 semanas,https://www.olay.com/en-us/skin-care-products/regenerist-micro-sculpting-cream-moisturizer?srsltid=AfmBOor3Nyri0ipGPLgeTfsBOy8Xaqkd3TpPg1IRTNbnVY76tB_KwQ0H 
Murad,Exfoliante ,AHA/BHA Exfoliating Cleanser,AHABHAExfoliatingCleanser.png,200ml," S/  279,00 ",Noche,Media,Interdiario,Todo tipo,No,No,2 meses, https://www.my-origines.com/fr/huile-prodigieuse%C2%AE-huile-seche-multi-fonctions-visage-corps-cheveux-P0161X01.html 
AHC,Serum,AHC Aqualuronic Serum,AHCAqualuronicSerum.jpg,30 ml," S/  128,38 ",Dia y Noche,Ligera,Diario,Todo tipo,No,No,3 semanas,https://m.origins.com/product/15346/62427/skincare/treat/mask/clear-improvement/active-charcoal-mask-to-clear-pores?srsltid=AfmBOoqye-2XtamVTDAmHdhUY4XHxxxMLIoQ67QcY75Znc5Z_OVuS27d#/sku/98640
Missha,Protector Solar ,All Around Safe Block Essence SPF 50,AllAroundSafeBlockEssenceSPF50.png,50ml," S/  77,90 ",Noche,Ligera,Diario,Todo tipo,No,No ,1 mes ,https://www.sk-ii.com/product/essence/facial-treatment-essence?srsltid=AfmBOooaLf2eq4KAYphZyVOCRRyOtOZ2AnFuRTKdVoZw1UzfpBYULLKu
Weleda,Limpiador,Almond Soothing Cleansing Lotion,AlmondSoothingCleansingLotion.jpeg,75 ml," S/  95,00 ",Dia y Noche,Espesa,Diario,Sensible,Si,No,2 semanas,https://supergoop.com/products/unseen-sunscreen?srsltid=AfmBOooKunthJTCnYMQqwzarlAuEQOQngxokPIPOF3cdx_Kz7994OUmi
Rare Beauty,Limpiador,Always an Optimist 4 in 1 Mist,AlwaysanOptimist4in1Mist.png,85 ml," S/  189,00 ",Dia y Noche,Ligera ,Diario,Todo tipo,Si,Si,1 a 2 meses,https://aveneperu.com/products/hydrance-aqua-gel-crema-hidratante-50ml?srsltid=AfmBOoopKcph4I9r1y73NUvNSKCyiqhS4eYU0yd--lBE4qZq6SmvIPzw
Grown Alchemist,Serum,Antioxidant+ Intense Moisturising Serum,AntioxidantIntenseMoisturisingSerum.png,30 ml," S/  81,81 ",Dia y Noche,Ligera,Diario,Todo tipo,Si,Si,2 semanas,https://philosophy.com/products/one-step-facial-cleanser
Belif,Serum,Aqua Bomb Hydrating Serum,AquaBombHydratingSerum.jpg,30 ml," S/  143,49 ",Dia y Noche,Ligera,Diario,Todo tipo,Si,Si,1 semana,https://www.renskincare.com/products/glow-and-protect-serum
Osea,Hidratante,Atmosphere Protection Cream,AtmosphereProtectionCream.png,60 ml," S/  203,90 ",Dia y Noche,Ligera,Diario,Todo tipo,Si,Si,3 meses,https://sundayriley.com/products/luna-sleeping-night-oil?srsltid=AfmBOooDCDm1y2UQlzgJFPSQDnejSHJ_-S4lvgfM6RFVdQhQRbesQVdR
Avene,Limpiador,Avene Cleanance Cleansing Gel,AveneCleananceCleansingGel.png,200 ml," S/  83,00 ",Dia y Noche,Ligera,Diario,Sensible,No,No,2 semanas,https://www.sephora.com/product/pumpkin-enzymatic-dermal-resurfacer-P387261
Avene,Hidratante,Avene Hydrance Aqua Ge,AveneHydranceAquaGe.png,50 ml," S/  159,55 ",Dia y Noche,Ligera,Diario,Todo tipo,No,Si,24 horas,https://www.bioderma.pe/nuestros-productos/sebium/gel-moussant?https://www.bioderma.pe/&gad_source=1&gbraid=0AAAAAotMWPOth8z1S3DPXXzF107t7Je2P&gclid=Cj0KCQiAx9q6BhCDARIsACwUxu7Ltd9FtslM1FsEyBEOoYu_q1E-qTrSCCUHltDO-OvnOXNFnQw1REYaApC_EALw_wcB
Bio Oil,Hidratante,Bio Oil Dry Skin Gel,BioOilDrySkinGel.jpg,100 ml," S/  41,20 ",Dia y Noche,Ligera,Diario,Seca,Si,No,3 semanas,https://strivectin.com/sd-advanced-plus-intensive-moisturizer-4oz/328621.html
Biore,Limpiador,Biore Deep Pore Charcoal Cleanser,BioreDeepPoreCharcoalCleanser.png,200 ml," S/  36,50 ",Dia,Ligera,Diario,Grasa,Si,No,1 semana,https://oseamalibu.com/products/atmosphere-protection-cream
Sisley Paris,Mascarilla,Black Rose Cream Mask,BlackRoseCreamMask.png,60 ml," S/  810,00 ",Dia y Noche,Espesa,Interdiario,Madura y seca,No,No,3 meses,https://www.sephora.com/product/sulwhasoo-first-care-activating-serum-ad-P469538
Boscia,Serum,Boscia Sake Hydrating and Brightening Serum,BosciaSakeHydratingandBrighteningSerum.png,30 ml," S/  185,00 ",Dia y Noche,Ligera,Diario,Mixta,Si,Si,2 semanas,https://www.pcaskin.com/products/hyaluronic-acid-boosting-serum?srsltid=AfmBOorOjuJe0AGcpmt5ckaOfpQkenZZbV6vLrctm-lEQn24FOkDDW02
Burt’s Bees,Hidratante,Burt's Bees Daily Face Moisturizer for Sensitive Skin,BurtsBeesDailyFaceMoisturizerforSensitiveSkin.png,53 ml," S/  56,14 ",Dia,Ligera,Diario,Sensible,Si,Si,1 semana,https://www.amazon.com/Perricone-MD-Face-Finishing-Moisturizer/dp/B002KANWU8
SkinCeuticals,Serum,C E Ferulic,CEFerulic.jpg,30 ml," S/  370,00 ",Dia,Ligera,Diario,Seca y normal,No,No,2 meses,https://www.burtsbees.com/product/sensitive-solutions-calming-day-lotion/#01400-00
Purito,Protector solar,Centella Green Level Unscented SPF 50+,CentellaGreenLevelUnscentedSPF50.jpg,60 ml," S/  63,96 ",Dia,Ligera,Diario,Todo tipo,Si,Si,1 mes,https://tataharperskincare.com/products/regenerating-cleanser?srsltid=AfmBOooeMgQixR4GY25LzKkc6Cda67E6Dq_Zdid7EyitEO6VKsiEB1my
Cetaphil,Limpiador,Cetaphil Daily Facial Cleanser,CetaphilDailyFacialCleanser.jpg,591 ml," S/  51,64 ",Dia y Noche,Ligera,Diario,Mixta sensible y grasa,Si,Si,2 semanas,https://www.cerave.pe/cuidado-de-la-piel/limpiadores/limpiador-facial-espumoso
Charlotte Tilbury,Serum,Charlottes Magic Serum Crystal Elixir,CharlottesMagicSerumCrystalElixir.jpg,30 ml," S/  339,00 ",Dia y Noche,Ligera,Diario,Mixta,Si,No,8 semanas,https://www.amazon.com/Alba-Botanica-Hawaiian-Oil-Free-Moisturizer/dp/B00T774S6E?th=1&psc=1
Origins,Mascarilla,Clear Improvement Active Charcoal Mask,ClearImprovementActiveCharcoalMask.png,75 ml," S/  95,16 ",Noche,Espesa,Interdiario,Grasa y mixta,No,No,1 mes,https://www.amazon.com/-/es/Limpiador-Cetaphil-limpiador-combinación-hipoalergénico/dp/B08GYYQ5MB 
Kopari,Hidratante,Coconut Sheer Oil,CoconutSheerOil.jpeg,148 ml," S/  59,92 ",Dia y Noche,Ligera,Diario,Seca,Si,Si,2 semanas,https://www.algenist.com/products/genius-liquid-collagen?srsltid=AfmBOoq03V2ONo5KIu8gmf3DQVSJgd7qzUl24h9ypUeuxKbJXiX01Bi3
Dr. Jart+,Limpiador,Dermaclear™ pH Foam Face Wash,Dermaclear™pHFoamFaceWash.png,120 ml," S/  97,37 ",Dia y Noche,Espesa,Diario,Todo tipo,No,No,2 semanas,https://www.perfumeriasunidas.com/hidratante-moisture-surge-intense-72-hour-lipid-replenishing-hydrator-kpr8010000.html?gad_source=1&gbraid=0AAAAAoh4FLNzmUo0Q7wd6hipcQ3wSppTW&gclid=Cj0KCQiAx9q6BhCDARIsACwUxu43G781LwXI8q9fZvX-8ZJQbnvxY2lmKV1nz6wL9vp1Q0-CGoMIXx4aAgA1EALw_wcB
Arbonne,Limpiador,DermResults Advanced Gel Cleanser,DermResultsAdvancedGelCleanser.png,90 ml," S/  194,74 ",Dia y Noche,Ligera,Diario,Todo tipo,Si,Si,2 semanas,https://www.amazon.com/-/es/vitamina-hialurónico-iluminador-hidratante-desigual/dp/B09ZY8T55Y
Natura Bisse,Mascarilla,Diamond Extreme Mas,DiamondExtremeMas.jpg,75 ml," S/  386,67 ",Dia y Noche,Espesa,Interdiario,Seca y madura,No,No,2 meses,https://www.versoskincare.com/boost/verso-super-facial-serum
Dr. Barbara Sturm,Limpiador,Dr. Barbara Sturm Cleanser,DrBarbaraSturmCleanser.jpg,50 ml," S/  38,71 ",Dia y Noche,Ligera,Diario,Sensible,Si,No,2 semanas,https://en.caudalie.com/p/355C/the-cream-premier-cru-355c.html
Beauty of Joseon,Hidratante,Dynasty Cream,DynastyCream.jpg,50 ml," S/  71,16 ",Dia y Noche,Espesa,Diario,Seca,Si,No,2 semanas,https://www.amazon.com/-/es/Limpiador-avanzado-equilibrado-fragancias-parabenos/dp/B003ZC403S
La Roche-Posay,Limpiador,Effaclar Gel Moussant Purifiant,EffaclarGelMoussantPurifiant.png,200 ml ," S/  85,90 ",Dia y Noche,Ligera,Diario,Grasa y mixta,No,No,1 mes,https://tonymoly.us/products/moisture-boost-cooling-marine-concentrate-serum
Eucerin,Limpiador,Eucerin Advanced Cleansing Body and Face Cleanser,EucerinAdvancedCleansingBodyandFaceCleanser.jpg,500 ml," S/  37,45 ",Dia y Noche,Espesa,Diario,Seca sensible y normal,Si,No,2 semanas,https://www.amazon.com/-/es/Versed-Wash-Out-limpiador-facial/dp/B07TMSHSR1
Mario Badescu,Tonico,"Facial Spray with Aloe, Herbs, and Rosewater",FacialSprayWithAloeHerbsandRosewater.png,118 ml," S/  39,90 ",Dia y Noche,Ligera,Diario,Todo tipo,No,No ,1 mes,https://www.amazon.com/Beauty-Joseon-Crema-Dynasty-1-69fl-oz/dp/B08WJQ3XJD/ref=mp_s_a_1_1?adgrpid=148856089394&dib=eyJ2IjoiMSJ9.lFZWi8KAr3gEJ7qYXLdyR-_X91ZuW-IZJ6x5vLDAqdMpbNucwasmzGURFuJQ4x2q0ymU10rWKDC49k3VUETBnw306sugSSod-yjbR0M4nzWSytx6m89VqdbyPH0dVlXwvRhaiPgsDp84zhxdvdPQYNPf8d4jeo4ljjyXSgHuzVPRDXurVPVjMMaC2PBhLDZDJnw_XAVu4KqskKoRNyl4vA.DwRgH7XAkffJTQ2CwNZINwa0aR372GPANuyLmmK335M&dib_tag=se&hvadid=647362222544&hvdev=m&hvlocphy=9196581&hvnetw=g&hvqmt=e&hvrand=11051410639937711649&hvtargid=kwd-376279622294&hydadcr=6347_13324324&keywords=dynasty+cream+beauty+of+joseon&qid=1733755106&sr=8-1
SK II,Serum,Facial Treatment Essence,FacialTreatmentEssence.jpg,160 ml," S/  711,55 ",Dia y Noche,Ligera ,Diario,Todo tipo,No,No,1 a 2 meses,https://www.amazon.com/-/es/hidratante-hidratación-absorción-emolientes-comedogénico/dp/B088CLDV3K
Fenty Skin,Serum,Fenty Skin Bright Fix,FentySkinBrightFix.jpg,25 ml," S/  129,00 ",Dia y Noche,Ligera,Diario,Todo tipo,Si,Si,4 semanas,https://www.amazon.com/-/es/Tokyo-LOCIÓN-SUPER-HIDRATOR-OFICIAL/dp/B07PBX3JL9
Sulwhasoo,Serum,First Care Activating Serum,FirstCareActivatingSerum.png,60 ml," S/  333,31 ",Dia y Noche,Ligera ,Diario,Todo tipo,No,No,2 meses,https://www.eau-thermale-avene.pe/p/cleanance-gel-limpiador-3282770207774
ISIDIN,Protector Solar,Fotoprotector Fusion Water SPF 50+,FotoprotectorFusionWaterSPF50.jpg,50 ml," S/  86,20 ",Dia,Ligera,Diario,Todo tipo,No,No,1 mes,https://moosh.pe/estee-lauder-perfectly-clean-multi-action-foam-cleanser-purifying-mask-150ml.html
Garnier,Serum,Garnier Green Labs Brightening Serum with Vitamin C,GarnierGreenLabsBrighteningSerumwithVitamin C.png,70 ml," S/  191,00 ",Dia,Ligera,Diario,Sensible,Si,Si,4 semanas,https://www.amazon.com/-/es/Moistfull-Collagen-hidratante-col%C3%A1geno-molecular/dp/B092J3D8WV
CeraVe,Limpiador,Gel Limpiador Espumoso,GelLimpiadorEspumoso.png,236 ml," S/  60,00 ",Dia y Noche,Ligera,Diario,Grasa,Si,Si,1 semana,https://www.blissworld.com/products/bright-idea-vitamin-c-face-serum?srsltid=AfmBOooMkGWqDHqfhCvjaeWfBqPc5A1yNRAh3W7A8NjxvgnPlQfp_-YY
Bioderma,Limpiador,Gel Limpiador Sebium Gel Moussant,GelLimpiadorSebiumGelMoussant.png,200 ml," S/  152,90 ",Dia y Noche,Ligera,Diario,Grasa,Si,No,4 semanas,https://www.amazon.com/-/es/Limpiador-facial-diario-Clean-marca/dp/B000GDJDPE
Algenist,Serum,GENIUS Liquid Collagen Serum,GENIUSLiquidCollagenSerum.png,30 ml," S/  434,24 ",Dia y Noche,Ligera,Diario,Todo tipo,Si,Si,2 semanas,https://www.drjart.com/product/28253/128829/cleansers/dermacleartm-ph-cleanser-foam-face-wash/dermacleartm-ph-cleanser-foam-face-wash
Pixi,Serum,Glow Tonic,GlowTonic.png,250 ml," S/  159,00 ",Dia y Noche,Ligera ,Diario,Todo tipo,Si,No,1 mes,https://www.biologique.shop/biologique-recherche/lait-vip-02-150ml-biologique-recherche-nueva-formulacion-
Kate Somerville,Hidratante,Goat Milk Moisturizing Cream,GoatMilkMoisturizingCream.jpg,50 ml," S/  217,21 ",Dia y Noche,Ligera,Diario,Seca,Si,No,1 semana,https://fentybeauty.com/en-pe/products/bright-fix-eye-brightener-honey?variant=39344708026413
Innisfree,Hidratante,Green Tea Seed Cream,GreenTeaSeedCream.png,50 ml," S/  130,00 ",Dia y Noche,Ligera,Diario,Todo tipo,Si,Si,1 semana,https://www.ubuy.pe/sp/product/V2E1EU-garnier-green-labs-pinea-c-brightening-serum-cream-with-spf-30-and-vitamin-c-pineapple-2-4-fl-oz?srsltid=AfmBOor59nZO7fmm5Zf_brzf218C-5Uvxohbs0vY_sHY0EEvtIWVeMuN
Hada Labo,Hidratante,Hada Labo Tokyo Hydrating Facial Lotion,HadaLaboTokyoHydratingFacialLotion.jpg,150 ml," S/  67,97 ",Dia y Noche,Espesa,Diario,Todo tipo,Si,Si,2 semanas,https://www.amazon.com/-/es/Cosmetic-Hydration-Cosmetics-Aqualuronic-Hydrating/dp/B07XY8RF77
Perricone MD,Hidratante,High Potency Classics Face Finishing & Firming,HighPotencyClassicsFaceFinishing&Firming.jpg,60 ml," S/  260,85 ",Dia y Noche,Media ,Diario,Madura y seca,No,No,1 mes,https://uperfect.pe/products/silicone-free-priming-moisturizer?srsltid=AfmBOoqn8BRobcw_ESFy1wzfZTJcC6G87n5uZxmsYIkmLv2yZ6tg2TQo
Farmacy,Serum ,Honey Grail Ultra Hydrating Face Oil,HoneyGrailUltraHydratingFaceOil.png,30 ml," S/  182,18 ",Noche,Ligera,Diario,Seca,Si,No,3 semanas,https://www.arbonne.com/us/es/ver-todo/%c2%a1nuevo%21/dermresults-advanced-gel-cleanser-with-hyaluronic-acid-%28gel-de-limpieza-con-%c3%a1cido-hialur%c3%b3nico%29/p/3905%20US
Nuxe,Tonico ,Huile Prodigieuse,HuileProdigieuse.jpg,100 ml," S/  124,07 ",Dia y Noche,Ligera,Diario,Seca y normal,No,No,1 mes,https://www.sephora.com/product/glow-recipe-papaya-sorbet-smoothing-enzyme-cleansing-balm-P460516
PCA Skin,Suero,Hyaluronic Acid Boosting Serum,HyaluronicAcidBoostingSerum.jpg,30 ml," S/  468,13 ",Dia y Noche,Ligera ,Diario,Todo tipo,No,No,2 meses,https://www.amazon.com/-/es/Crema-Rose-Hauschka-cuidado-Ivory/dp/B001V9LUZS
The Inkey List,Suero,Hyaluronic Acid Serum,HyaluronicAcidSerum.jpg,30 ml," S/  119,00 ",Dia y Noche,Ligera ,Diario,Todo tipo,Si,Si,1 a 2 meses,https://minajistore.com/product/green-tea-seed-hyaluronic-cream/
Medik8,Serum,Hydr8 B5 Serum,Hydr8B5Serum.png,30 ml," S/  215,10 ",Dia y Noche,Ligera,Diario,Todo tipo,Si,Si ,1 mes,https://www.vider.com.pe/producto/ESTHEDERM-INTENSIVE-HYALURONIC-SERUM-30ML
Lancome,Hidratante,Hydra Zen Anti Stress Moisturizing Cream,HydraZenAntiStressMoisturizingCream.jpg,50 ml," S/  199,00 ",Dia y Noche,Media,Diario,Todo tipo,No ,No,1 mes,https://www.falabella.com.pe/falabella-pe/product/15768352/Suero-The-Revitalizing-Hydrating/15768352
Neutrogena,Hidratante,Hydro Boost Water Gel,HydroBoostWaterGel.png,50 ml," S/  41,70 ",Dia y Noche,Ligera,Diario,Grasa y mixta,No,No ,3 meses,https://augustinusbader.com/int/en/the-serum
Institut Esthederm,Serum,Intensive Hyaluronic Serum,IntensiveHyaluronicSerum.jpg,30 ml," S/  299,00 ",Dia y Noche,Ligera,Diario,Seca,Si,Si,1 semana,https://www.amazon.com/Kate-Somerville-Goat-Milk-Cream-1-7/dp/B01G8C0SJ6
Biologique Recherche,Limpiador,Lait VIP O2 ,LaitVIPO2.jpg,50 ml," S/  120,83 ",Dia y Noche,Ligera,Diario,Acneicas,Si,Si,2 semanas,https://www.amazon.com/-/es/belif-Aqua-Bomb-HyalucidTM-hialur%C3%B3nico/dp/B0C4M2F2RP
Drunk Elephant,Hidratante,Lala Retro Whipped Cream,LalaRetroWhippedCream.png,50 ml," S/  201,16 ",Dia y Noche,Ligera,Diario,Seca,Si,Si,2 semanas,https://koparibeauty.com/blogs/all-things-coconut/this-is-how-you-sheer-oil-2?srsltid=AfmBOopWrYFuVzC9rNpJ4dF0bMCysZkCd-SNpo78uHnQxqLlxsIQMW3h
Herbivore Botanicals,Limpiador,Lapis Facial Oil Cleanser,LapisFacialOilCleanser.jpg,50 ml," S/  275,13 ",Dia y Noche,Ligera,Diario,Seca,Si,Si,1 semana,https://www.amazon.com/-/es/First-Beauty-Ultra-Repair-Cream/dp/B004WC2H8A
Biotherm,Hidratante,Life Plankton™ Elixir,LifePlankton™Elixir.jpeg,30 ml," S/  308,69 ",Dia y Noche,Ligera,Diario,Mixta,Si,Si,2 semanas,https://www.fresh.com/us/skincare/collections/soy?srsltid=AfmBOopgi9CbUT0_fOaRc8FDQokBgDo48HSFK83pVC88_L9NMHl3N8oB
Sunday Riley,Tonico,Luna Sleeping Night Oil,LunaSleepingNightOil.png,35 ml," S/  393,25 ",Noche,Ligera ,Diario,Todo tipo,Si,Si,4 meses,https://www.herbivorebotanicals.com/products/lapis-facial-oil-1?srsltid=AfmBOordcea2qNyQwl8e5lTz3ttglwJOfUv3aAy-X7-HG6JaEta0mlxF
Kiehl's,Serum,Midnight Recovery Concentrate,MidnightRecoveryConcentrate.png,30 ml," S/  106,00 ",Noche,Ligera,Diario,Todo tipo,Si,No,2 semanas,https://www.falabella.com.pe/falabella-pe/product/121398159/Lifting-liquido-de-caviar-de-piel-La-Prairie-50ml/121398160?kid=shopp44fc&gad_source=1&gbraid=0AAAAADs9MO3fDPz1tM_mhna4TgkAApis-&gclid=Cj0KCQiAx9q6BhCDARIsACwUxu6PPYk6TbOYazVJcAh-4ohzOw-GDaED6PUAJa3MAOaRWbD37a5PrrgaAqfWEALw_wcB
Vichy,Serum,Mineral 89 Face Serum,Mineral89FaceSerum.jpg,50 ml," S/  178,90 ",Dia y Noche,Ligera,Diario,Todo tipo,Si,Si,1 semana,https://simple.ripley.com.pe/la-roche-posay-effaclar-gel-limpiador-purificante-200ml-pmp00001305156?gad_source=1&gclid=Cj0KCQiAx9q6BhCDARIsACwUxu7ucjU-v_1PLEUPGkFArIke60ZvJSQfmv9oJTJvE39ZdABkfgMsS-MaAtF_EALw_wcB&s=mdco
Mac,Exfoliante,Mineralize Volcanic Ash Exfoliator,MineralizeVolcanicAshExfoliator.png,100 ml," S/  149,00 ",Dia,Media,Interdiario,Todo tipo,No ,No ,2 meses,https://simple.ripley.com.pe/crema-facial-lancome-hidratante-anti-stress-hydra-zen-50-ml-2013289854149p?gad_source=1&gclid=Cj0KCQiAx9q6BhCDARIsACwUxu53MG3BxzoOqpSTX0O7Hf-pO8yghvcrBhz-LyCqnJE9CAUk5xtT9fYaAoSUEALw_wcB&s=mdco
Etude House,Serum,Moistfull Collagen Ampoule Serum,MoistfullCollagenAmpouleSerum.jpg,48 ml," S/  76,00 ",Noche,Espesa,Diario,Todo tipo,Si,No,3 semanas,https://www.falabella.com.pe/falabella-pe/product/137194167/Mascarilla-de-Agua-para-Dormir-Ex-Laneige/137194168?kid=shopp44fc&gad_source=1&gbraid=0AAAAADs9MO3fDPz1tM_mhna4TgkAApis-&gclid=Cj0KCQiAx9q6BhCDARIsACwUxu7lEpZiNPvXNY5fdi818zqqbN-uX8VNyT5P_8-1nF6BuVoKlcvZz3gaAiG9EALw_wcB
TonyMoly,Hidratante ,Moisture Boost Cooling Aloe Vera Gel,MoistureBoostCoolingAloeVeraGel.png,90 ml," S/  74,90 ",Dia y Noche,Ligera,Diario,Sensible y seca,Si,Si,2 semanas,https://www.falabella.com.pe/falabella-pe/product/13616211/Limpiador-Mineralize-Volcanic-Ash-Exfoliator/13616211
Clinique,Hidratante,Moisture Surge 72-Hour Hydrator,MoistureSurge72HourHydrator.png,50 ml," S/  249,00 ",Dia y Noche,Ligera,Diario,Seca,No,No,1 semana,https://www.amazon.com.mx/Mamonde-Pore-Clean-Clay-100ml/dp/B07427DJLY
Alba Botanica,Hidratante,Natural Hawaiian Oil Free Moisturizer,NaturalHawaiianOilFreeMoisturizer.jpg,85 ml," S/  79,73 ",Dia y Noche,Ligera,Diario,Todo tipo,Si,Si,2 semanas,https://www.aruma.pe/bruma-facial-mario-badescu-aloe-hierbas-y-agua-de-rosas-118-ml/p?idsku=1022726&gad_source=1&gbraid=0AAAAAC9EUS27G0TMiHbaaKNDke0-yBgSd&gclid=Cj0KCQiAx9q6BhCDARIsACwUxu7nQX6QSf8fipRYpddISm3XBMkvW2rSFEsefZsMkgvcYMp655gwAMkaAgaXEALw_wcB
The Ordinary,Hidratante ,Niacinamide 10% + Zinc 1%,Niacinamide10Zinc1.jpeg,30 ml," S/  69,99 ",Dia y Noche,Ligera,Diario,Mixta,Si,Si,3 meses,https://dermotiendashopping.com/hydr8-b5-30-ml.html?gad_source=1&gbraid=0AAAAAoNHiJGMM2CsDcTH1knn7iwrt6gXr&gclid=Cj0KCQiAx9q6BhCDARIsACwUxu5jHq6NHB64Zd6PLKhWP948wZQE2PpdGJd5FPBMtpRBoL7VdkgG2eYaApXUEALw_wcB
Naturium,Limpiador,Niacinamide Cleansing Gelee 3%,NiacinamideCleansingGelee3.jpg,150 ml," S/  67,52 ",Dia y Noche,Ligera,Diario,Grasa y mixta,Si,Si ,1 mes ,https://www.falabella.com.pe/falabella-pe/product/127958790/Crema-Hidratante-Vegan-Milk-Moisturizer-48-ml-MILK/127958791
Kora Organics,Bloqueador,Noni Radiant Mineral SPF 30 Sunscreen,NoniRadiantMineralSPF30Sunscreen.jpg,50 ml," S/  208,21 ",Dia,Ligera,Diario,Todo tipo,Si,Si,Al momento,https://www.falabella.com.pe/falabella-pe/product/130557451/MISSHA-ALL-AROUND-SAFE-BLOCK-AQUA-SUN-SPF50-++++/130557452?kid=shopp44fc&gad_source=1&gbraid=0AAAAADs9MO3fDPz1tM_mhna4TgkAApis-&gclid=Cj0KCQiAx9q6BhCDARIsACwUxu4jh3rPXE-XepNiTlTkEli-hGE5iZycTctpmooET_ZzTtq25ibjB_AaAroxEALw_wcB
Glow Recipe,Limpiador,Papaya Sorbet Enzyme Cleansing Balm,PapayaSorbetEnzymeCleansingBalm.png,100 ml," S/  119,84 ",Dia y Noche,Ligera,Diario,Todo tipo,Si,Si,2 semanas,https://www.falabella.com.pe/falabella-pe/product/130517194/Limpiador-Exfoliante-AHA-BHA-Murad/130517196?kid=shopp44fc&gad_source=1&gbraid=0AAAAADs9MO3fDPz1tM_mhna4TgkAApis-&gclid=Cj0KCQiAx9q6BhCDARIsACwUxu5yD37BamQ3cD-vkfCHMgTu8WvoI3kt2bthNaJdIijK1JRfEuF9ve0aApVJEALw_wcB
Rhode,Hidratante,Peptide Glazing Fluid,PeptideGlazingFluid.jpg,50 ml," S/  185,00 ",Dia y Noche,Ligera ,Diario,Todo tipo,Si,Si,2 meses,https://www.amazon.com/-/es/Diamond-Extreme-tratamiento-reafirma-revitaliza/dp/B01JS3KLU8
Allies of Skin,Hidratante,Peptides & Antioxidants Advanced Firming Daily Treatment,Peptides&AntioxidantsAdvancedFirmingDailyTreatment.jpg,50 ml," S/  306,80 ",Dia y Noche,Ligera,Diario,Todo tipo,Si,Si,1 semana,https://www.amazon.com/-/es/Naturium-limpiador-niacinamida-hialurónico-vitamina/dp/B0855L2LXL
Estee Lauder,Limpiador,Perfectly Clean Multi Action Foam Cleanser,PerfectlyCleanMultiActionFoamCleanser.png,150 ml," S/  152,10 ",Dia y Noche,Media,Interdiario,Grasa,Si,No,1 semana,https://dermotiendashopping.com/neutrogena-hidratante-facial-hydro-boost-50gr.html?gad_source=1&gbraid=0AAAAAoNHiJFL8s0i5ZRdRR9AUmLLzw3_A&gclid=Cj0KCQiAx9q6BhCDARIsACwUxu7PVKb0omg9Pgn38RGpBx6EtZrKJpHpyZEJfWroPtzpXvXlEb-vDUUaApkhEALw_wcB
Mamonde,Mascarilla,Pore Clean Clay Mask,PoreCleanClayMask.jpg,100 ml," S/  873,76 ",Dia y Noche,Media,Interdiario,Grasa y mixta,No ,No ,1 a 2 meses,https://inkafarma.pe/producto/crema-humectante-nivea-soft/908195
Erno Laszlo,Serum,Pore Refining Detox Serum,PoreRefiningDetoxSerum.jpg,30 ml," S/  169,92 ",Noche,Ligera,Diario,Grasa,Si,No,1 semana,https://www.amazon.com/-/es/Protect-Perfect-Intense-Advanced-Skincare/dp/B00Y40YTPY
Clarins,Limpiador,Precious La Mousse Luxury Foaming Face Cleanser,PreciousLaMousseLuxuryFoamingFaceCleanser.jpg,150 ml," S/  337,01 ",Dia y Noche,Ligera,Diario,Grasa,Si,No,2 semanas,https://us.amazon.com/Laszlo-Refining-Detox-Double-Cleanse/dp/B07G1LRB32
Caudalie,Hidratante,Premier Cru Anti Aging Cream Moisturizer,PremierCruAntiAgingCreamMoisturizer.png,50 ml," S/  487,10 ",Dia y Noche,Media,Diario,Madura,Si,Si,2 semanas,https://pe.iherb.com/pr/obagi-professional-c-serum-20-1-fl-oz-30-ml/143421
Elemis,Serum,Pro Collagen Super Serum Elixir,ProCollagenSuperSerumElixir.jpg,15 ml," S/  302,08 ",Noche,Ligera,Diario,Madura,Si,No,3 semanas,https://www.amazon.com/Youth-People-Vitamin-Caffeine-Energy/dp/B08WCRLVTV
Obagi,Serum,Professional C Serum 20%,ProfessionalCSerum20.png,30 ml," S/  400,94 ",Dia,Ligera,Diario,Todo tipo,No ,No,1 a 2 meses,https://www.amazon.com/-/es/Eminence-Organic-Skincare-Stone-Crop/dp/B000KQ1E5Y
No7,Crema,Protect & Perfect Intense Advanced Night Cream,Protect&PerfectIntenseAdvancedNightCream.PNG,50 ml," S/  151,40 ",Noche,Media,Diario ,Madura y seca,No,No,1 a 2 meses,https://www.farmacybeauty.com/products/honey-grail-3?srsltid=AfmBOoq8YDHMFEL9riGPIOPab0ddVSvR5IRdIbX5x7G3LeLHA2X8F4TH
Peter Thomas Roth,Mascarilla,Pumpkin Enzyme Mask,PumpkinEnzymeMask.png,150 ml," S/  224,70 ",Noche,Media ,Interdiario,Todo tipo,No,No,1 a 2 meses,https://www.amazon.com/KORA-Organics-Mineral-Sunscreen-Certified/dp/B0D42BS36D
Jack Black,Limpiador,Pure Clean Daily Facial Cleanser,PureCleanDailyFacial Cleanser.jpg,177 ml," S/  74,90 ",Dia y Noche,Ligera,Diario,Normal,Si,Si,1 semana,https://www.falabella.com.pe/falabella-pe/product/135783901/Skin-Perfecting-2-BHA-Locion-Exfoliante-118ml-Paulas-Choice/135783902?kid=shopp44fc&gad_source=1&gbraid=0AAAAADs9MO3fDPz1tM_mhna4TgkAApis-&gclid=Cj0KCQiAx9q6BhCDARIsACwUxu4a-ri1y8_SqoJVulXvmPWNdtzsTBypqBpIFwCy72AzC-wmF_cFO7UaAi-OEALw_wcB
Osmosis Skincare,Limpiador,Purify Enzyme Cleanser,PurifyEnzymeCleanser.png,200 ml," S/  164,78 ",Dia y Noche,Ligera,Diario,Todo tipo,Si,Si,2 meses,https://www.dermstore.com/p/boscia-sake-hydrating-and-brightening-serum-1-fl.-oz./12902150/?srsltid=AfmBOoq5JPevxrMKbWWMIsXC53XwDWPYUNDxDADPwFaygzgtqbBwBPLp
Philosophy,Limpiador,Purity Made Simple Cleanser,PurityMadeSimpleCleanser.png,240 ml," S/  104,86 ",Dia y Noche,Ligera ,Diario,Todo tipo,No,No,1 mes,https://www.ubuy.pe/sp/product/14UUYAKKO-kiehl-s-midnight-recovery-concentrate-0-5-fl-oz-15-ml-batch-18t901?srsltid=AfmBOor4TzlywU_3Ws1yAGNtEcVeMfd_h_MW-hmIJubR9zLMc4waA37G
REN Clean Skincare,Serum,Radiance Perfection Serum,RadiancePerfectionSerum.png,30 ml," S/  258,45 ",Dia y Noche,Ligera ,Diario,Seca y normal,Si,Si,1 mes,https://www.wong.pe/limpiador-facial-carbon-natural-frasco-200-ml/p?idsku=39181897&gad_source=1&gbraid=0AAAAADJmWVNtsSAScZbDIFnHXdlV2c7Q1&gclid=Cj0KCQiAx9q6BhCDARIsACwUxu6_7KLr_ejmYRZwSLVNccusArmsiWwWdgMDMDekAD5f64meWC5OPCgaAkCNEALw_wcB
Simple,Limpiador,Refreshing Facial Wash,RefreshingFacial Wash.jpg,50 ml," S/  207,00 ",Dia y Noche,Ligera ,Diario,Sensible,Si,Si,1 mes,https://simple.ripley.com.pe/drunk-elephant-crema-hidratante-batida-nutritiva-recargable-mini-lala-retro-color-blanco-pmp20000380418?gad_source=1&gclid=Cj0KCQiAx9q6BhCDARIsACwUxu68hZXnMzIBzvClqMAn7WYeMC5d7hQ1d_TWdsDyuebG2jcTTyXMiTcaAn1vEALw_wcB&s=mdco
Tata Harper,Limpiador,Regenerating Cleanser,RegeneratingCleanser.png,125 ml," S/  360,00 ",Dia y Noche,Media ,Diario,Todo tipo,Si,Si,2 meses,https://www.falabella.com.pe/falabella-pe/product/128526080/Tonico-exfoliante-Glow-Tonic-al-5-PIXI/128526081?kid=shopp44fc&gad_source=1&gbraid=0AAAAADs9MO3fDPz1tM_mhna4TgkAApis-&gclid=Cj0KCQiAx9q6BhCDARIsACwUxu6NoDJoPTJblN5-9E_vf4pE7jrcF2-0lmdiWBst9yRHnSfJJ98Qu2YaAvvsEALw_wcB
Olay,Hidratante,Regenerist Micro Sculpting Cream,RegeneristMicroSculptingCream.jpg,50 ml," S/  93,58 ",Dia y Noche,Media,Diario ,Todo tipo,No,No,2 meses,https://inkafarma.pe/producto/crema-facial-rejuveness-contra-arrugas-ponds/908595
Pond's,Hidratante,Rejuveness Anti Wrinkle Cream,RejuvenessAntiWrinkleCream.jpg,100 ml," S/  15,90 ",Dia y Noche,Media ,Diario,Todo tipo,No,No,6 meses,https://www.amazon.com/-/es/Proactiv-Limpiador-acné-tratamiento-hiularónico/dp/B0012C7POY
Proactiv,Limpiador,Renewing Cleanser,RenewingCleanser.jpg,120 ml," S/  43,64 ",Dia y Noche,Media ,Diario,Grasa,No,No,3 mes,https://www.amazon.com/-/es/PURITO-Centella-centella-calmante-crueldad/dp/B0CST174J1/ref=sr_1_1?dib=eyJ2IjoiMSJ9.DAfwHGgCJSoONuEq23-KI8OhfjYjxUKVRLJv2PovOHwVMFwBkEbpXnmpLqFDDu10PRJnZvxYjIK_U8svslX1OG0Dmrpf7xx5aAjLMQDjBJ-15W5rE4tepzaEkvUA_Ew8J-yl_DXX42-nZBSojUzKDDh22men2SA3wSp2Zf_cZHQxkkufantJ3taUgtLgFb0H6qyDE_CNAN0JJkVsxIFvkmnWU51Rl5YCkcuoUPKpYwQJYWCq1DJs4DJud3ZljAtlVVFWhWILJ3ap-zK1fOoWdPac6-fLmtHon8ZKWjgK74g.zyvdMfVWDeC7wALs61WclAYRJD9QIq4H25yy-2wwnF0&dib_tag=se&keywords=Purito+Centella+Green+Level+Safe+Sun&qid=1733758813&sr=8-1
RoC,Hidratante,Retinol Correxion Deep Wrinkle Night Cream,RetinolCorrexionDeepWrinkleNightCream.jpg,30 ml," S/  48,31 ",Noche,Media ,Diario,Madura y seca,No,No,6 meses,https://simple.ripley.com.pe/primer-85-ml-always-an-optimist-4-en-1-rare-beauty-bruma-maquillaje-pmp20000054677?gad_source=1&gclid=Cj0KCQiAx9q6BhCDARIsACwUxu6UhECPJSqMquYE3cAr8vzSlZF_tfJmQpNGdmSaQgxCD4Yk4sZGbikaAtV3EALw_wcB&s=mdco
L'Oreal Paris,Limpiador,Revitalift Bright Reveal Brightening Daily Scrub Cleanse,RevitaliftBrightRevealBrighteningDailyScrubCleanse.jpg,125 ml," S/  30,21 ",Dia y Noche,Ligera,Diario,Todo tipo,Si,No,1 semana,https://www.ebay.com/itm/176567628627?chn=ps&norover=1&mkevt=1&mkrid=711-166974-028196-7&mkcid=2&mkscid=101&itemid=176567628627&targetid=2281645573840&device=c&mktype=pla&googleloc=9186207&poi=&campaignid=20678487043&mkgroupid=166488534224&rlsatarget=pla-2281645573840&abcId=9326223&merchantid=101683822&geoid=9186207&gad_source=1&gbraid=0AAAAAD_QDh8J1Xkqbq_CUJwCjopHDwHbZ&gclid=Cj0KCQiAx9q6BhCDARIsACwUxu5228_r-ARVAs79NJD0ioZtNuXSDq0kd75A5ev1fJ7CsWlPDKfjrEQaAv8vEALw_wcB
Bliss,Serum,Right Idea Vitamin C & Tri Peptide Face Serum,RightIdeaVitaminC&TriPeptideFaceSerum.png,30 ml," S/  86,85 ",Dia y Noche,Ligera,Diario,Todo tipo,Si,Si,4 semanas,https://www.amazon.com/Rhode-por-Hailey-Bieber-acristalamiento/dp/B0D5KC6LYS/ref=asc_df_B0D5KC6LYS?language=es_US&mcid=5abded181d333c30b6c312ed5e6dd274&tag=ustxtgostdde-20&linkCode=df0&hvadid=696943352075&hvpos=&hvnetw=g&hvrand=17700970532697197000&hvpone=&hvptwo=&hvqmt=&hvdev=c&hvdvcmdl=&hvlocint=&hvlocphy=9217234&hvtargid=pla-2389986901127&psc=1&language=es_US
Dr. Hauschka,Hidratante,Rose Day Cream,RoseDayCream.jpg,30 ml," S/  168,53 ",Dia,Espesa,Diario,Seca y sensible,Si,No,3 semanas,https://www.amazon.com/antiarrugas-antienvejecimiento-suavizante-tratamiento-calcetines/dp/B0BLJ396QC/ref=asc_df_B0BLJ396QC?language=es_US&mcid=dc58fe9538ce39b7bbbe264e44aeb3f7&tag=ustxtgostdde-20&linkCode=df0&hvadid=697939501435&hvpos=&hvnetw=g&hvrand=7930506832163315936&hvpone=&hvptwo=&hvqmt=&hvdev=c&hvdvcmdl=&hvlocint=&hvlocphy=9217234&hvtargid=pla-1922077706630&psc=1&language=es_US
StriVectin,Hidratante,SD Advanced Plus Intensive Moisturizing Concentrate,SDAdvancedPlusIntensiveMoisturizingConcentrate,60 ml," S/  217,21 ",Dia y Noche,Media ,Diario,Madura y seca,No,No,1 mes,https://www.falabella.com.pe/falabella-pe/product/18912949/Ultimate-Sun-Protector-Lotion-SPF-50+-Sunscreen-150-ml/18912949?kid=shopp13fc&gad_source=1&gbraid=0AAAAADs9MO1S_wNm4VDclejl7GPGrvT93&gclid=Cj0KCQiAx9q6BhCDARIsACwUxu4o8Afu3eKqaKfYVl8wCHB_puauTeNRU-lwG4hfG8nxyBHefcpz4GIaAj24EALw_wcB
Good Molecules,Hidratante,Silicone Free Priming Moisturize,SiliconeFreePrimingMoisturize.png,50 ml," S/  66,50 ",Dia y Noche,Ligera,Diario,Todo tipo,Si,Si,2 semanas,https://www.ubuy.pe/sp/product/1C3CQWXS8-simple-kind-to-skin-refreshing-facial-wash-gel-50ml-pack-of-2?srsltid=AfmBOoqhBHKMBkU7rHB5gIO9TKdtDZ2fLdPF7TWZteEBxStRyRNRBvy2
La Prairie,Serum,Skin Caviar Liquid Lift,SkinCaviarLiquidLift.png,30 ml," S/  3.045,00 ",Dia y Noche,Ligera,Diario,Madura,Si,No,2 semanas,https://www.falabella.com.pe/falabella-pe/product/17579594/Black-Rose-Cream-Mask-60-ml/17579594?kid=shopp13fc&gad_source=1&gbraid=0AAAAADs9MO1S_wNm4VDclejl7GPGrvT93&gclid=Cj0KCQiAx9q6BhCDARIsACwUxu4M6WDVDZHk5nHr9Xo8_YY3sgSsXepseBxZz1CMdt83EtKQm4MWXbsaAli5EALw_wcB
Paula's Choice,Exfoliante,Skin Perfecting 2% BHA Liquid Exfoliant,SkinPerfecting2BHALiquidExfoliant.png,118 ml," S/  210,00 ",Dia y Noche,Ligera,Interdiario,Grasa y mixta,Si,Si,1 mes,https://mytotalskin.com/es/products/dl-age-bright-clearing-serum?srsltid=AfmBOoocOi1YLaP5DJFhmGMSyVhNwwFyKEUUWkCHIKqfR4pQ19Blw6d3&selling_plan=690472550689&variant=50211203219745
Nivea,Crema,Soft Moisturizing Cream,SoftMoisturizingCream.jpg,200 ml," S/  29,90 ",Dia y Noche,Media,Diario,Todo tipo,No,No ,1 mes,https://dermotiendashopping.com/serum-10-antioxidante-30-ml.html?gad_source=1&gbraid=0AAAAAoNHiJFUPGglPKTJlqOiDvSYNeDOm&gclid=Cj0KCQiAx9q6BhCDARIsACwUxu4zTCaLakYt9H1rFJrvSoVstK92rH-heg6_KxZjbmqDUlP12AXQxKMaAnuYEALw_wcB
Fresh,Hidratante,Soy Face Cream,SoyFaceCream.jpeg,50 ml," S/  158,59 ",Dia y Noche,Ligera,Diario,Todo tipo,Si,No,2 semanas,https://www.amazon.com/-/es/Grown-Alchemist-desintoxicante-antioxidante-antienvejecimiento/dp/B00Q46AUMC
Juice Beauty,Serum,Stem Cellular Anti Wrinkle Booster Serum,StemCellularAntiWrinkleBoosterSerum.jpg,30 ml," S/  208,25 ",Dia y Noche,Ligera,Diario,Todo tipo,Si,Si,2 semanas,https://tiendamia.com/pe/producto?amz=B01F7SUFNG
Eminence Organic Skin Care,Limpiador,Stone Crop Gel Wash,StoneCropGelWash.jpg,125 ml," S/  116,48 ",Dia y Noche,Ligera,Diario,Todo tipo,Si,Si,1 semana,https://www.ebay.com/itm/185873070234?_skw=elemis+pro+collagen+super+serum+elixir+15+ml+0.5+fl+oz&epid=1784293440&itmmeta=01JENYWAT1G953XY09TE42X4GK&hash=item2b46e5f89a:g:MloAAOSwztBmBbmm&itmprp=enc%3AAQAJAAABEHoV3kP08IDx%2BKZ9MfhVJKm9K7BCSszRPdxe0vFNvEsLufCmUo3pOhkfla3wZ8aEiesC8nIc936DqnLXZLcworZR2GtFiM3jKQ38TyS3e31tqeS%2BEc1hgzGyEKdqc0ftW1bYwKM1ld7Db4y6YBE9o7%2FUeETpFG1GfHqzk77aWb3F5yCDqbDrujMqWiA0cRHsTCBA4Tuzu4PVhO3KiVKJowf4OIA3X7qct2omEuzr4uMZTtxbdMLILxddg4fCDphGoOXZiAznlUFg1WIdrBX9pkhLCf1YTUmkJQoF2oGE7c8mX2MWwiZT1C6yT1qflVCTvMaxqN%2FlHFF%2FzF79rfevujHRqyWiAWprFyXHQrNcHKoh%7Ctkp%3ABFBMjK3xvvVk
La Mer,Serum,The Revitalizing Hydrating Serum,TheRevitalizingHydratingSerum.jpg,30 ml," S/  1.321,60 ",Dia,Ligera,Diario,Todo tipo,Si,No,60 segundos,https://www.amazon.com/-/es/Juice-Beauty-Stem-Cellular-antiarrugas/dp/B005I412W8
Augustinus Bader,Serum,The Serum,TheSerum.png,30 ml," S/  1.179,00 ",Dia,Ligera,Diario,Todo tipo,Si,Si,3 meses,https://www.amazon.com/Peptides-Antioxidants-Firming-Daily-Treatment/dp/B0813T5ZB7
COSRX,Serum,The Vitamin C 23 Serum,TheVitaminC23Serum.jpg,20 ml," S/  73,03 ",Noche,Media,Interdiario,Sensible,Si,Si,3 semanas,https://www.galabeauty.pe/producto/The-water-cream-Tatcha/
Tatcha,Hidratante,The Water Cream,TheWaterCream.jpg,50 ml," S/  450,00 ",Dia y Noche,Ligera ,Diario,Grasa y mixta,No,No,3 meses,https://simple.ripley.com.pe/hyaluronic-acid-serum-the-inkey-list-30-ml-pmp20000211212?srsltid=AfmBOopavcTO265tmpGOyRK-EpZ8-ryxR9rUt_22N_akf4Zg_J3vOL4k&s=mdco
Shiseido,Protector solar,Ultimate Sun Protector Lotion SPF 50+,UltimateSunProtectorLotionSPF50.png,150 ml," S/  189,00 ",Dia,Ligera ,Diario,Todo tipo,No,No,1 mes,https://simple.ripley.com.pe/niacinamide-10-zinc-1-the-ordinary-x-30-ml-pmp00003109526?srsltid=AfmBOoqV93QC9y5jPskYp0jwNlw_deGMJCvQsa9q7scSIKiOJnnrctym&s=mdco
First Aid Beauty,Hidratante,Ultra Repair Cream Intense Hydration,UltraRepairCreamIntenseHydration.jpg,60 ml," S/  50,56 ",Dia y Noche,Ligera,Diario,Todo tipo,Si,No,2 semanas,https://www.biotherm.es/es_ES/cuidado-rostro/por-categoria-de-cuidado-de-la-piel/serums-y-mascarillas/life-plankton-regenerating-serum/BIO5116.html?dwvar_BIO5116_size=30_ml
Supergoop,Protector solar,Unseen Sunscreen SPF 40,UnseenSunscreenSPF40.png,50 ml," S/  142,31 ",Dia,Ligera ,Diario,Todo tipo,Si,Si,1 mes,https://www.falabella.com.pe/falabella-pe/product/137165274/Serum-Crystal-Elixir-30ml-Charlotte-Tilbury/137165275
Milk Makeup,Hidratante,Vegan Milk Moisturizer,VeganMilkMoisturizer.png,48 ml," S/  259,00 ",Dia,Espesa,Diario,Seca y normal,Si,Si ,1 mes,https://drdennisgross.com/es/products/vitamin-c-lactic-acid-firm-bright-serum?srsltid=AfmBOoriWwq-f8BxJi8v9NPyQgoAek7D9kSlZyOgz1ArOgX4W5tnY9w6
Verso Skincare,Serum,Verso Super Facial Serum,VersoSuperFacialSerum.jpg,30 ml," S/  453,12 ",Dia y Noche,Ligera,Diario,Todo tipo,Si,Si,4 a 12 semanas,https://inkafarma.pe/producto/concentrado-fortificante-vichy-mineral-89-rostro/067304
Dr. Dennis Gross Skincare,Serum,Vitamin C Lactic Firm & Bright Serum,VitaminCLacticFirm&BrightSerum.jpg,30 ml," S/  328,51 ",Dia y Noche,Ligera,Diario,Todo tipo,Si,Si,12 semanas,https://www.amazon.es/Weleda-Almond-soothing-cleansing-lotion/dp/B004TB9K2K
Versed,Limpiador,Wash It Out Gel Cleanser,WashItOutGelCleanser.jpg,120 ml," S/  35,73 ",Dia y Noche,Ligera,Diario,Todo tipo,Si,Si,1 semana,https://www.clarinsusa.com/en/precious-la-mousse-luxury-foaming-face-cleanser/80102469.html?sectionid=bv-reviews&srsltid=AfmBOooClkqP3bM3jumS1vM180_F5fM87Qn8KbOvXg0VyNWousNugg1t
Laneige,Mascarilla,Water Sleeping Mask,WaterSleepingMask.png,70 ml," S/  129,00 ",Noche,Ligera,Diario,Seca y mixta,No ,No ,1 mes ,https://dermotiendashopping.com/fotoprotector-fusion-fluid-spf-50-50ml.html?gad_source=1&gbraid=0AAAAAoNHiJEjBrsWLyvqsMonH4XvSKq8v&gclid=Cj0KCQiAx9q6BhCDARIsACwUxu6Ppp-GEztd7X_8XzxBQr6J3S5EjWldm7FNFQHk26aMo3sIXGsri6IaAljxEALw_wcB
